City_ID,City,Country,Lat,Lng,Max Temp,Humidity,Cloudiness,Wind Speed,Current Description
0,Shitkino,RU,56.3703,98.3543,3.81,93,68,5.55,broken clouds
1,Hobart,AU,-42.8794,147.3294,62.6,55,90,13.8,overcast clouds
2,Cape Town,ZA,-33.9258,18.4232,72.0,68,40,17.27,scattered clouds
3,Beihai,CN,21.4833,109.1,72.3,83,15,11.5,few clouds
4,Mocuba,MZ,-16.8392,36.9856,74.01,96,63,3.29,broken clouds
5,Rio Gallegos,AR,-51.6226,-69.2181,60.8,44,0,11.5,clear sky
6,Acapulco,MX,16.8634,-99.8901,82.4,69,40,4.61,scattered clouds
7,Araouane,ML,18.9048,-3.5265,87.67,15,0,9.55,clear sky
8,Korla,CN,41.7597,86.1469,54.86,31,99,18.57,overcast clouds
9,Severo-Kurilsk,RU,50.6789,156.125,27.9,58,0,4.85,clear sky
10,Alappuzha,IN,9.49,76.3264,81.82,73,0,4.92,clear sky
11,Bluff,NZ,-46.6,168.3333,64.0,65,100,1.99,light rain
12,Bredasdorp,ZA,-34.5322,20.0403,64.4,94,100,11.5,overcast clouds
13,Mahebourg,MU,-20.4081,57.7,77.0,100,75,9.01,light rain
14,Barrow,US,71.2906,-156.7887,-9.4,70,1,14.97,snow
15,Rikitea,PF,-23.1203,-134.9692,80.08,78,72,12.97,light rain
16,Ust-Uda,RU,54.1742,103.0304,-0.38,96,71,2.86,broken clouds
17,Salinopolis,BR,-0.6136,-47.3561,83.43,73,57,8.55,broken clouds
18,Cuorgne,IT,45.3895,7.6499,53.01,24,1,3.0,clear sky
19,Pevek,RU,69.7008,170.3133,-3.37,97,100,14.03,light snow
20,Katsuura,JP,35.1333,140.3,50.0,40,0,21.85,clear sky
21,Yellowknife,CA,62.456,-114.3525,7.0,85,90,8.05,snow
22,Isla Aguada,MX,18.7833,-91.4667,80.6,57,1,18.41,clear sky
23,Mataura,NZ,-46.1927,168.8643,64.0,65,100,1.99,light rain
24,Tuatapere,NZ,-46.1333,167.6833,64.0,65,100,1.99,overcast clouds
25,Chapais,CA,49.7834,-74.8492,6.8,66,90,14.97,haze
26,Kapaa,US,22.0752,-159.319,69.01,94,90,27.63,moderate rain
27,Hasaki,JP,35.7333,140.8333,41.0,60,0,3.44,clear sky
28,Ushuaia,AR,-54.8,-68.3,48.2,53,0,4.61,clear sky
29,Vaini,TO,-21.2,-175.2,73.4,100,40,4.61,scattered clouds
30,Geraldton,AU,-28.7667,114.6,78.8,27,0,21.85,clear sky
31,Los Santos,PA,7.9333,-80.4167,84.2,58,40,11.5,scattered clouds
32,Ialibu,PG,-6.2821,143.9935,52.81,93,74,2.62,broken clouds
33,Constitucion,CL,-35.3333,-72.4167,65.71,70,86,8.1,overcast clouds
34,Severo-Yeniseyskiy,RU,60.3725,93.0408,5.32,90,96,14.54,overcast clouds
35,San Jose,US,37.3394,-121.895,51.01,61,90,6.91,overcast clouds
36,Upington,ZA,-28.4478,21.2561,73.4,68,75,6.91,broken clouds
37,Puerto Ayora,EC,-0.7393,-90.3518,82.99,78,40,9.22,scattered clouds
38,Thompson,CA,55.7435,-97.8558,6.8,56,90,6.91,overcast clouds
39,Faya,SA,18.3851,42.4509,69.8,64,0,5.75,clear sky
40,Algiers,DZ,36.7525,3.042,62.6,63,40,14.97,scattered clouds
41,Busselton,AU,-33.65,115.3333,60.01,71,19,1.99,few clouds
42,Tenjo,CO,4.8727,-74.1443,64.4,55,75,5.75,broken clouds
43,Jiazi,CN,22.8779,116.067,64.98,81,0,12.62,clear sky
44,Tunceli,TR,39.1083,39.5471,50.0,50,75,3.89,broken clouds
45,Qaanaaq,GL,77.484,-69.3632,-0.71,69,100,4.16,overcast clouds
46,Bud,US,39.447,-86.1758,54.0,40,75,9.22,broken clouds
47,New Norfolk,AU,-42.7826,147.0587,59.0,70,96,4.23,light rain
48,Andros Town,BS,24.7,-77.7667,77.0,61,40,12.66,scattered clouds
49,Carnarvon,AU,-24.8667,113.6333,80.6,69,12,8.05,few clouds
50,Bethel,US,41.3712,-73.414,46.4,31,90,10.36,overcast clouds
51,Xihe,CN,31.6864,113.4659,62.8,84,94,7.29,overcast clouds
52,Stykkisholmur,IS,65.0757,-22.7297,33.8,71,13,6.69,few clouds
53,Jamestown,US,42.097,-79.2353,39.99,65,75,20.38,broken clouds
54,Clyde River,CA,70.4692,-68.5914,-5.8,77,1,19.57,haze
55,Nome,US,64.5011,-165.4064,21.2,86,90,14.97,snow
56,Dunedin,NZ,-45.8742,170.5036,66.0,56,47,10.6,scattered clouds
57,Cherskiy,RU,68.75,161.3,-9.99,98,100,7.43,overcast clouds
58,Yaan,NG,7.3833,8.5667,83.62,58,77,9.51,broken clouds
59,Cap Malheureux,MU,-19.9842,57.6142,77.0,87,100,7.0,light rain
60,Castro,BR,-24.7911,-50.0119,81.95,50,10,5.19,clear sky
61,Prince Rupert,CA,54.3161,-130.3201,35.6,93,1,9.22,clear sky
62,Saint George,US,37.1041,-113.5841,51.01,61,1,4.61,clear sky
63,Terrace,CA,54.5163,-128.6035,30.2,86,75,5.75,broken clouds
64,Altay,CN,47.8667,88.1167,23.22,64,100,2.24,overcast clouds
65,Narsaq,GL,60.9167,-46.05,42.8,31,40,3.44,scattered clouds
66,Solano,US,38.2333,-121.9511,52.0,76,1,6.08,clear sky
67,Lebu,CL,-37.6167,-73.65,65.26,66,0,9.62,clear sky
68,Sibolga,ID,1.7427,98.7792,77.13,83,61,2.57,broken clouds
69,Hermanus,ZA,-34.4187,19.2345,66.0,85,100,1.99,overcast clouds
70,Verkhnevilyuysk,RU,63.4453,120.3167,-1.71,94,80,7.34,broken clouds
71,Waipawa,NZ,-41.4122,175.5153,62.6,77,75,19.57,broken clouds
72,Hithadhoo,MV,-0.6,73.0833,84.58,66,79,7.81,broken clouds
73,Hilo,US,19.7297,-155.09,68.0,88,75,5.5,broken clouds
74,Srednekolymsk,RU,67.45,153.6833,-22.43,90,0,1.54,clear sky
75,Tasiilaq,GL,65.6145,-37.6368,23.0,58,75,17.27,light snow
76,Arraial Do Cabo,BR,-22.9661,-42.0278,89.6,62,20,13.8,few clouds
77,Noumea,NC,-22.2763,166.4572,71.6,83,0,2.3,clear sky
78,Malpe,IN,13.35,74.7167,82.4,78,40,4.61,scattered clouds
79,Vila Velha,BR,-20.3297,-40.2925,87.01,62,40,13.8,scattered clouds
80,Smithers,CA,54.7804,-127.1743,28.4,74,90,13.8,overcast clouds
81,Port Lincoln,AU,-34.7333,135.8667,56.95,76,41,4.72,scattered clouds
82,Walvis Bay,NA,-22.9575,14.5053,82.4,30,52,23.02,broken clouds
83,Port Alfred,ZA,-33.5906,26.891,71.01,90,42,1.99,scattered clouds
84,Bambous Virieux,MU,-20.3428,57.7575,77.0,100,75,9.24,light rain
85,Punta Arenas,CL,-53.15,-70.9167,48.2,76,0,6.91,clear sky
86,Aksu,CN,41.1231,80.2644,56.75,23,100,5.93,overcast clouds
87,Burnie,AU,-41.0667,145.9167,54.0,97,74,4.0,broken clouds
88,Kodiak,US,57.79,-152.4072,28.4,86,90,3.44,overcast clouds
89,Itaituba,BR,-4.2761,-55.9836,86.0,74,40,2.46,scattered clouds
90,Lompoc,US,34.6391,-120.4579,50.0,76,90,4.61,overcast clouds
91,Dikson,RU,73.5069,80.5464,-23.46,99,100,12.55,overcast clouds
92,Lashio,MM,22.9333,97.75,64.35,46,30,1.81,scattered clouds
93,Westport,US,41.1415,-73.3579,48.99,29,90,16.11,overcast clouds
94,Butaritari,KI,3.0707,172.7902,81.34,80,29,14.63,scattered clouds
95,Acajutla,SV,13.5928,-89.8275,80.6,47,0,3.44,clear sky
96,Sur,OM,22.5667,59.5289,74.46,70,0,2.13,clear sky
97,Yar-Sale,RU,66.8333,70.8333,5.29,90,90,7.11,overcast clouds
98,Prachuap Khiri Khan,TH,12.2167,99.75,70.07,88,1,3.51,clear sky
99,Victoria,HK,22.2855,114.1577,71.01,82,71,14.41,broken clouds
100,Ponta Do Sol,PT,32.6667,-17.1,64.4,63,40,12.66,scattered clouds
101,Esperance,AU,-33.8667,121.9,55.4,76,0,6.91,clear sky
102,Zhanaozen,KZ,43.3,52.8,29.77,43,100,9.17,overcast clouds
103,Cozumel,MX,20.5083,-86.9458,84.2,58,40,18.41,scattered clouds
104,Chokurdakh,RU,70.6333,147.9167,-19.86,85,0,4.16,clear sky
105,Ust-Kulom,RU,61.6864,53.6902,19.18,94,99,7.38,light snow
106,Kikwit,CD,-5.041,18.8162,80.85,69,15,3.22,few clouds
107,Zaragoza,ES,41.6561,-0.8773,57.2,47,20,23.02,few clouds
108,Iqaluit,CA,63.7506,-68.5145,-14.01,58,40,17.27,scattered clouds
109,Northam,GB,51.0333,-4.2167,48.99,92,83,15.99,light rain
110,Cabo San Lucas,MX,22.8909,-109.9124,72.0,55,1,2.3,clear sky
111,Sola,VU,-13.8833,167.55,80.46,71,97,2.21,overcast clouds
112,Porosozero,RU,62.7191,32.727,30.67,95,99,6.38,snow
113,Maniitsoq,GL,65.4167,-52.9,17.8,60,100,6.67,overcast clouds
114,Mana,GF,5.6592,-53.7767,76.3,90,100,2.62,light rain
115,Maksatikha,RU,57.797,35.8825,35.06,98,100,7.49,overcast clouds
116,East London,ZA,-33.0153,27.9116,71.6,88,40,10.36,scattered clouds
117,Mehar,PK,27.1807,67.8229,75.0,21,10,2.66,clear sky
118,Margate,GB,51.3813,1.3862,48.99,53,74,3.0,broken clouds
119,Saskylakh,RU,71.9167,114.0833,-31.18,88,47,3.51,scattered clouds
120,Naze,JP,28.3667,129.4833,57.51,67,0,4.5,clear sky
121,Chuy,UY,-33.6971,-53.4616,75.74,53,0,10.02,clear sky
122,Soyo,AO,-6.1349,12.3689,82.29,76,39,9.48,scattered clouds
123,Jining,CN,35.405,116.5814,57.4,74,100,11.68,overcast clouds
124,Kruisfontein,ZA,-34.0033,24.7314,69.01,93,100,1.01,heavy intensity rain
125,Lac Du Bonnet,CA,50.2536,-96.0612,33.01,99,0,4.0,clear sky
126,Te Anau,NZ,-45.4167,167.7167,57.45,92,100,5.03,overcast clouds
127,Leh,IN,34.1667,77.5833,27.55,86,78,4.32,broken clouds
128,Ardakan,IR,32.31,54.0175,55.4,35,0,4.61,clear sky
129,Biak,ID,-0.9131,122.8766,76.93,83,48,1.61,scattered clouds
130,Kiama,AU,-34.6833,150.8667,53.01,87,16,1.99,few clouds
131,Tura,IN,25.5198,90.2201,70.2,44,25,4.05,scattered clouds
132,Tiarei,PF,-17.5333,-149.3333,77.0,83,20,2.3,light rain
133,Semnan,IR,35.5729,53.3971,41.83,56,94,2.57,overcast clouds
134,Richards Bay,ZA,-28.783,32.0377,76.15,81,0,11.52,clear sky
135,Sao Gabriel Da Cachoeira,BR,-0.1303,-67.0892,84.2,74,20,8.05,few clouds
136,Aqtobe,KZ,50.2797,57.2072,-0.4,78,0,4.47,clear sky
137,Zhigansk,RU,66.7697,123.3711,6.94,94,100,11.77,light snow
138,Faxinal,BR,-24.0003,-51.3194,81.61,55,6,5.03,clear sky
139,Kloulklubed,PW,7.0419,134.2556,77.0,100,75,5.93,broken clouds
140,Chumphon,TH,10.3333,98.8333,68.7,96,2,0.89,clear sky
141,Hella,NO,67.2,14.4333,35.01,93,90,8.05,overcast clouds
142,Epe,NG,6.5841,3.9834,83.95,73,100,8.99,overcast clouds
143,Gamba,GA,-2.65,10.0,80.08,81,100,6.31,overcast clouds
144,Arman,RU,59.7,150.1667,0.79,94,77,4.56,broken clouds
145,Saint-Philippe,RE,-21.3585,55.7679,80.6,74,90,11.5,light rain
146,Sept-Iles,CA,50.2001,-66.3821,17.01,24,75,9.22,broken clouds
147,Kavaratti,IN,10.5669,72.642,83.77,69,0,7.9,clear sky
148,Necochea,AR,-38.5473,-58.7368,73.0,66,0,4.0,clear sky
149,Mandalgovi,MN,45.7625,106.2708,11.71,42,0,24.4,clear sky
150,Mount Isa,AU,-20.7333,139.5,73.4,73,90,13.8,overcast clouds
151,Lorengau,PG,-2.0226,147.2712,80.37,75,100,0.58,overcast clouds
152,Mahina,PF,-17.5065,-149.489,77.0,83,20,2.3,light rain
153,Maisach,DE,48.2167,11.2667,37.99,75,90,14.97,light rain
154,Leningradskiy,RU,69.3833,178.4167,4.6,96,100,15.66,light snow
155,Upernavik,GL,72.7868,-56.1549,2.61,91,100,1.41,overcast clouds
156,Abha,SA,18.2164,42.5053,69.8,64,0,5.75,clear sky
157,Goderich,CA,43.7501,-81.7165,33.8,55,35,23.02,scattered clouds
158,Zhongshu,CN,24.5167,103.7667,57.16,62,35,3.76,scattered clouds
159,Banda Aceh,ID,5.5577,95.3222,80.24,80,100,7.09,overcast clouds
160,Mangla,PK,31.8931,72.3817,66.7,52,0,8.59,clear sky
161,Torbay,CA,47.6666,-52.7314,30.99,74,90,14.97,overcast clouds
162,Tabas,IR,33.5959,56.9244,54.25,27,72,3.15,broken clouds
163,Bengkulu,ID,-3.8004,102.2655,77.68,84,95,4.47,overcast clouds
164,Albany,US,42.6001,-73.9662,42.01,55,66,3.0,broken clouds
165,Souillac,MU,-20.5167,57.5167,77.0,100,75,7.85,light rain
166,Lalawigan,PH,11.5892,125.4697,76.37,90,26,3.18,scattered clouds
167,Ribeira Grande,PT,38.5167,-28.7,64.4,88,40,9.22,scattered clouds
168,Talnakh,RU,69.4865,88.3972,-16.1,99,100,5.28,overcast clouds
169,Salalah,OM,17.0151,54.0924,78.8,69,0,3.44,clear sky
170,Faanui,PF,-16.4833,-151.75,82.42,75,56,15.52,broken clouds
171,Padang,ID,-0.9492,100.3543,77.0,94,75,2.3,broken clouds
172,Nuevo Progreso,MX,23.1667,-97.95,82.99,55,56,5.01,broken clouds
173,Sainte-Rose,GP,16.3324,-61.6979,86.0,58,90,11.5,overcast clouds
174,Okakarara,NA,-20.5833,17.4333,76.21,47,64,5.14,broken clouds
175,Ilulissat,GL,69.2167,-51.1,14.0,52,75,1.14,broken clouds
176,Tricase,IT,39.9304,18.3553,59.0,67,0,12.66,clear sky
177,Atuona,PF,-9.8,-139.0333,79.68,63,34,10.31,scattered clouds
178,Limon,CR,10.0,-83.0333,82.4,69,0,5.75,clear sky
179,Laguna,US,38.421,-121.4238,50.0,76,1,5.75,clear sky
180,Tabou,CI,4.423,-7.3528,81.82,81,46,9.51,light rain
181,Dingle,PH,10.9995,122.6711,75.22,91,96,2.33,overcast clouds
182,Katangli,RU,51.7102,143.2326,26.64,80,7,8.75,clear sky
183,Sao Filipe,CV,14.8961,-24.4956,73.38,65,0,7.4,clear sky
184,Ust-Omchug,RU,61.15,149.6333,-6.99,100,98,3.2,overcast clouds
185,Prince Albert,CA,53.2001,-105.7677,39.2,60,40,13.8,scattered clouds
186,Shar,KZ,49.5886,81.0453,0.81,96,100,4.83,overcast clouds
187,Portland,US,45.5234,-122.6762,48.0,71,90,9.22,overcast clouds
188,Boa Vista,BR,2.8197,-60.6733,82.4,69,75,5.75,light rain
189,Codrington,AU,-38.2667,141.9667,54.75,82,93,9.48,overcast clouds
190,Linda,US,39.1277,-121.5508,50.0,76,1,11.5,clear sky
191,Nizwa,OM,22.9333,57.5333,71.92,28,50,2.19,scattered clouds
192,Jasper,US,37.2001,-94.3502,57.0,94,90,11.5,overcast clouds
193,Hoquiam,US,46.9809,-123.8893,45.0,93,90,12.66,light rain
194,Chegdomyn,RU,51.1167,133.0167,27.54,81,3,4.45,clear sky
195,Dagupan,PH,17.7061,121.5047,72.21,92,88,4.52,overcast clouds
196,Port Elizabeth,ZA,-33.918,25.5701,68.0,94,20,9.22,moderate rain
197,Ales,FR,44.1333,4.0833,57.2,26,0,17.27,clear sky
198,Matamoros,MX,25.5333,-103.25,66.2,12,75,13.8,dust
199,Avera,US,33.194,-82.5271,73.99,60,1,3.44,clear sky
200,Tuktoyaktuk,CA,69.4541,-133.0374,-22.0,76,20,9.22,few clouds
201,Zhucheng,CN,35.9947,119.3975,48.34,79,90,9.53,overcast clouds
202,Rocha,UY,-34.4833,-54.3333,75.81,52,0,9.15,clear sky
203,Port Hawkesbury,CA,45.6169,-61.3485,26.01,58,90,16.11,light snow
204,Bardiyah,LY,31.7561,25.0865,57.9,78,100,9.01,overcast clouds
205,Camacha,PT,33.0833,-16.3333,62.6,72,40,10.36,scattered clouds
206,Rawson,AR,-43.3002,-65.1023,66.54,53,2,16.02,clear sky
207,Cayenne,GF,4.9333,-52.3333,75.2,94,90,5.75,fog
208,Fortuna,US,40.5982,-124.1573,52.0,74,100,11.54,overcast clouds
209,Ust-Maya,RU,60.4167,134.5333,11.91,93,100,5.61,overcast clouds
210,Provideniya,RU,64.3833,-173.3,18.86,96,100,5.28,light snow
211,Kjollefjord,NO,70.9457,27.3465,24.8,86,75,2.3,light snow
212,Isangel,VU,-19.55,169.2667,75.67,88,100,7.18,overcast clouds
213,Odweyne,SO,9.4092,45.064,74.14,59,6,11.14,clear sky
214,Belz,FR,47.6751,-3.168,52.0,65,80,4.0,broken clouds
215,Pucallpa,PE,-8.3791,-74.5539,82.4,74,75,3.44,broken clouds
216,Kozhva,RU,65.1073,57.0459,20.98,93,100,11.77,light snow
217,Saint-Augustin,CA,51.226,-58.6502,18.84,83,100,10.6,overcast clouds
218,Norman Wells,CA,65.282,-126.8329,-5.8,84,90,4.61,light snow
219,College,US,64.8569,-147.8028,-6.0,76,1,3.69,clear sky
220,Vila Franca Do Campo,PT,37.7167,-25.4333,60.8,100,75,13.8,broken clouds
221,Rio Grande,BR,-32.035,-52.0986,78.8,65,75,6.91,broken clouds
222,Tessalit,ML,20.1986,1.0114,87.75,12,1,11.43,clear sky
223,Escarcega,MX,18.6089,-90.7454,87.66,38,0,7.11,clear sky
224,Sobolevo,RU,54.4299,31.8996,34.97,98,100,12.44,snow
225,Guerrero Negro,MX,27.9769,-114.0611,61.09,47,65,4.52,broken clouds
226,Mitsamiouli,KM,-11.3847,43.2844,82.35,72,90,6.44,light rain
227,Jinchang,CN,38.4953,102.1739,51.26,21,20,8.21,few clouds
228,Kalmunai,LK,7.4167,81.8167,78.8,83,3,5.57,clear sky
229,Kungurtug,RU,50.5994,97.5228,-2.47,84,61,2.26,broken clouds
230,Ebebiyin,GQ,2.1511,11.3353,73.33,93,55,5.75,moderate rain
231,Inta,RU,66.0317,60.1659,20.91,89,100,19.98,overcast clouds
232,Kahului,US,20.8947,-156.47,64.99,94,1,3.44,clear sky
233,Luderitz,NA,-26.6481,15.1594,70.41,71,20,23.31,few clouds
234,Teguldet,RU,57.3064,88.1667,0.66,97,100,5.41,overcast clouds
235,Ancud,CL,-41.8697,-73.8203,70.0,56,0,8.05,clear sky
236,Asau,RO,46.4333,26.4,48.0,49,98,2.93,overcast clouds
237,Mar Del Plata,AR,-38.0023,-57.5575,77.0,57,0,6.91,light rain
238,Pipri,IN,19.8,75.5333,77.36,20,0,3.18,clear sky
239,Hamilton,US,39.1834,-84.5333,53.01,37,90,4.83,overcast clouds
240,Khatanga,RU,71.9667,102.5,-18.65,96,100,8.37,overcast clouds
241,Port Augusta,AU,-32.5,137.7667,60.8,67,40,10.36,scattered clouds
242,Lufkin,US,31.3382,-94.7291,73.99,83,90,12.66,overcast clouds
243,Kavieng,PG,-2.5744,150.7967,81.41,71,96,4.05,overcast clouds
244,Sangar,RU,63.9242,127.4739,8.28,95,100,7.07,light snow
245,Sitka,US,57.0531,-135.33,24.8,74,20,3.62,few clouds
246,Port Hardy,CA,50.6996,-127.4199,35.6,93,90,10.36,light snow
247,Georgetown,MY,5.4112,100.3354,84.2,74,20,4.61,few clouds
248,Longyearbyen,SJ,78.2186,15.6401,1.4,55,75,9.22,broken clouds
249,Shakiso,ET,5.75,38.9167,66.49,53,20,4.61,few clouds
250,Aberdeen,GB,57.1437,-2.0981,48.2,49,20,18.41,few clouds
251,Surt,LY,31.2089,16.5887,60.87,66,0,9.91,clear sky
252,Airai,TL,-8.9266,125.4092,60.31,94,100,1.48,overcast clouds
253,Badhni Kalan,IN,30.6833,75.2833,69.15,30,0,5.55,clear sky
254,Calderitas,MX,18.55,-88.25,87.01,69,40,11.5,scattered clouds
255,Kaitangata,NZ,-46.2817,169.8464,54.77,73,69,3.44,moderate rain
256,San Andres,CO,12.5847,-81.7006,84.2,65,40,14.97,scattered clouds
257,Ahipara,NZ,-35.1667,173.1667,59.32,82,0,3.0,clear sky
258,Pokrovskoye,RU,47.4157,38.8971,42.01,60,92,15.99,overcast clouds
259,Talca,CL,-35.4333,-71.6667,69.8,60,0,3.44,clear sky
260,Bathsheba,BB,13.2167,-59.5167,82.4,65,20,16.11,few clouds
261,Calamar,CO,10.2511,-74.9146,86.0,66,40,10.36,scattered clouds
262,Coquimbo,CL,-29.9533,-71.3436,64.4,72,90,9.22,overcast clouds
263,Launceston,AU,-41.45,147.1667,55.4,76,90,17.27,overcast clouds
264,Cidreira,BR,-30.1811,-50.2056,78.3,76,4,10.94,clear sky
265,Santa Maria,BR,-29.6842,-53.8069,86.0,54,0,4.61,clear sky
266,Forestville,US,38.8451,-76.875,61.0,26,1,14.97,clear sky
267,Bari,IT,41.1177,16.8512,61.0,44,0,11.5,clear sky
268,Praya,CV,14.9215,-23.5087,82.4,21,0,19.57,clear sky
269,Haines Junction,CA,60.7522,-137.5108,-25.6,68,0,1.14,clear sky
270,Roma,US,43.2128,-75.4557,33.8,69,90,18.41,light snow
271,Nikolskoye,RU,59.7035,30.7861,36.0,93,90,8.95,snow
272,Maceio,BR,-9.6658,-35.7353,86.0,51,40,10.36,scattered clouds
273,Nemuro,JP,43.3236,145.575,33.73,91,100,23.98,overcast clouds
274,Nova Olimpia,BR,-14.7972,-57.2881,84.78,69,91,4.63,overcast clouds
275,Sechura,PE,-5.5569,-80.8222,83.21,53,23,5.75,few clouds
276,Puerto Leguizamo,CO,-0.1934,-74.7819,86.85,59,86,4.79,overcast clouds
277,Sydney,AU,-33.8679,151.2073,60.8,72,40,14.97,scattered clouds
278,Zhuanghe,CN,39.7008,122.9911,42.01,88,92,5.53,moderate rain
279,Port Blair,IN,11.6667,92.75,80.91,76,2,3.78,clear sky
280,Ravenna,IT,44.4167,11.9833,45.0,83,100,7.0,overcast clouds
281,Christchurch,NZ,-43.5333,172.6333,60.01,66,58,3.44,broken clouds
282,Lokosovo,RU,61.1333,74.8167,15.67,93,99,10.38,overcast clouds
283,Pisco,PE,-13.7,-76.2167,79.0,73,0,8.05,clear sky
284,Ixtapa,MX,20.7,-105.2,71.6,73,20,2.3,few clouds
285,Abilene,US,32.4487,-99.7331,64.99,33,1,11.5,clear sky
286,Sarangani,PH,5.4033,125.4636,82.54,75,0,8.52,clear sky
287,Stornoway,GB,58.2093,-6.3865,46.4,76,40,12.66,scattered clouds
288,Pocking,DE,48.4,13.3167,41.0,99,93,5.01,overcast clouds
289,Oxford,GB,51.7522,-1.256,48.2,66,75,14.97,light rain
290,Saldanha,ZA,-33.0117,17.9442,64.71,84,96,27.25,overcast clouds
291,Katiola,CI,8.1333,-5.1,91.4,38,40,4.61,scattered clouds
292,Akyab,MM,20.15,92.9,76.51,64,4,9.1,clear sky
293,Coro,VE,11.4045,-69.6734,82.89,66,42,14.12,scattered clouds
294,Puerto Madryn,AR,-42.7692,-65.0385,64.83,58,0,12.82,clear sky
295,Comodoro Rivadavia,AR,-45.8667,-67.5,66.2,48,0,20.71,clear sky
296,Zhumadian,CN,32.9794,114.0294,61.29,83,100,5.86,overcast clouds
297,Jumla,NP,29.2747,82.1838,43.59,80,4,3.13,clear sky
298,Koungou,YT,-12.7336,45.2042,80.6,83,0,3.44,clear sky
299,Port-Cartier,CA,50.0334,-66.8654,17.01,24,75,9.22,broken clouds
300,Lagoa,PT,39.05,-27.9833,60.89,87,0,17.52,clear sky
301,Swan River,CA,52.1058,-101.2676,28.4,64,12,4.61,few clouds
302,Panaba,MX,21.2833,-88.2667,84.42,53,55,11.48,broken clouds
303,Roebourne,AU,-20.7833,117.1333,83.77,71,97,6.31,overcast clouds
304,Nyurba,RU,63.2842,118.3319,-4.97,89,35,8.84,scattered clouds
305,Hirara,JP,24.8,125.2833,68.61,70,7,14.76,clear sky
306,Bandarbeyla,SO,9.4942,50.8122,77.92,81,3,16.22,clear sky
307,Razole,IN,16.4833,81.8333,82.4,65,0,5.75,haze
308,Bafoulabe,ML,13.8065,-10.8321,100.99,7,78,2.91,broken clouds
309,Pyshchug,RU,58.8873,45.7134,25.9,95,100,7.85,overcast clouds
310,Anloga,GH,5.7947,0.8973,78.8,83,20,5.75,moderate rain
311,Whitehorse,CA,60.7161,-135.0538,-11.2,77,20,0.96,fog
312,Neiafu,TO,-18.65,-173.9833,69.8,94,20,4.09,few clouds
313,Caldwell,US,43.6629,-116.6874,48.99,46,1,14.97,clear sky
314,Talovaya,RU,51.1144,40.73,31.77,89,99,11.21,overcast clouds
315,Fecamp,FR,49.7579,0.3746,46.99,81,75,19.57,broken clouds
316,Shelburne,CA,44.0787,-80.2041,30.0,63,88,19.95,overcast clouds
317,Sorland,NO,67.667,12.6934,41.0,87,75,9.22,broken clouds
318,San Cristobal,VE,7.7669,-72.225,80.6,69,40,6.91,scattered clouds
319,Sao Joao Da Barra,BR,-21.6403,-41.0511,89.6,43,0,9.22,clear sky
320,Flinders,AU,-34.5833,150.8552,53.01,87,23,1.99,few clouds
321,Gazanjyk,TM,39.2446,55.5154,25.2,90,100,15.52,overcast clouds
322,Elizabeth City,US,36.2946,-76.2511,63.0,33,1,5.75,clear sky
323,Atambua,ID,-9.1061,124.8925,74.48,86,100,1.57,overcast clouds
324,Lucapa,AO,-8.4192,20.7447,72.97,82,32,2.35,light rain
325,Hobyo,SO,5.3505,48.5268,80.31,80,67,13.35,broken clouds
326,Klaksvik,FO,62.2266,-6.589,41.0,87,75,6.91,broken clouds
327,Pangnirtung,CA,66.1451,-65.7125,-16.6,69,1,3.0,clear sky
328,Fairbanks,US,64.8378,-147.7164,-6.0,71,1,3.69,clear sky
329,Koster,ZA,-25.863,26.8976,64.96,30,0,5.79,clear sky
330,Maunabo,PR,18.0072,-65.8993,84.0,67,12,1.99,few clouds
331,Huilong,CN,31.8111,121.655,54.0,87,68,7.0,broken clouds
332,Trairi,BR,-3.2778,-39.2689,84.9,64,22,11.07,few clouds
333,Manokwari,ID,-0.8667,134.0833,77.83,79,75,6.04,broken clouds
334,Ankang,CN,32.68,109.0172,59.36,93,100,1.28,overcast clouds
335,Waingapu,ID,-9.6567,120.2641,78.71,87,19,4.21,few clouds
336,Bubaque,GW,11.2833,-15.8333,79.43,60,64,11.43,broken clouds
337,Sakaiminato,JP,35.55,133.2333,42.8,93,75,5.75,broken clouds
338,Manaus,BR,-3.1019,-60.025,86.0,70,75,4.61,broken clouds
339,Urumqi,CN,43.801,87.6005,28.4,64,75,4.47,broken clouds
340,Conde,BR,-7.2597,-34.9075,87.8,55,40,13.8,scattered clouds
341,San Quintin,MX,30.4833,-115.95,57.34,62,0,6.64,clear sky
342,Russell,US,32.3502,-85.1999,77.0,50,1,4.7,clear sky
343,Kununurra,AU,-15.7667,128.7333,80.6,100,90,2.24,overcast clouds
344,Itamarandiba,BR,-17.8572,-42.8589,78.33,50,80,3.31,broken clouds
345,Dali,CN,25.7,100.1833,52.56,60,1,8.01,clear sky
346,Galle,LK,6.0367,80.217,78.31,83,41,9.75,scattered clouds
347,Broome,US,42.2506,-75.833,35.01,93,90,17.27,heavy snow
348,Emba,KZ,48.8264,58.1442,1.89,77,79,3.33,broken clouds
349,Avarua,CK,-21.2078,-159.775,75.2,94,20,3.44,few clouds
350,Den Helder,NL,52.9599,4.7593,45.0,81,90,14.97,overcast clouds
351,Edirne,TR,41.6772,26.556,55.0,69,28,3.0,scattered clouds
352,Catamarca,AR,-28.4696,-65.7852,84.99,67,57,1.99,broken clouds
353,Salym,RU,60.0625,71.4789,16.36,92,100,8.3,overcast clouds
354,Bara,NG,10.3744,10.7288,98.19,11,100,7.96,overcast clouds
355,San Patricio,US,28.017,-97.5169,72.0,88,90,13.8,overcast clouds
356,Bartica,GY,6.4,-58.6167,82.4,83,75,4.61,broken clouds
357,Brae,GB,60.3964,-1.353,44.6,81,40,21.85,scattered clouds
358,Ratnagiri,IN,16.9833,73.3,78.28,69,0,2.62,clear sky
359,Asfi,MA,32.2994,-9.2372,68.45,59,100,18.45,overcast clouds
360,Nuuk,GL,64.1835,-51.7216,21.2,73,75,11.5,broken clouds
361,Ocosingo,MX,17.0667,-92.25,80.6,69,1,2.62,clear sky
362,Kralendijk,BQ,12.15,-68.2667,86.0,58,40,13.8,scattered clouds
363,Lapeer,US,43.0514,-83.3188,42.01,45,40,10.36,scattered clouds
364,Bonavista,CA,48.6499,-53.1147,30.99,74,100,8.05,overcast clouds
365,Sao Bento Do Sul,BR,-26.2503,-49.3786,77.0,70,10,5.99,clear sky
366,Semey,KZ,50.4111,80.2275,4.19,93,100,5.86,overcast clouds
367,Nantucket,US,41.2835,-70.0995,43.0,45,1,16.11,clear sky
368,Tiksi,RU,71.6872,128.8694,0.64,88,96,9.13,overcast clouds
369,Chieri,IT,45.014,7.8223,55.99,24,0,23.02,clear sky
370,Vyazemskiy,RU,47.5378,134.7525,26.17,79,0,3.62,clear sky
371,Le Port,RE,-20.9373,55.2919,80.6,74,75,12.66,light rain
372,Flin Flon,CA,54.7682,-101.865,21.2,63,90,12.66,overcast clouds
373,Baykit,RU,61.67,96.37,10.94,93,100,7.43,overcast clouds
374,Anaconda,US,46.1285,-112.9423,30.99,64,1,3.44,clear sky
375,Husavik,IS,66.0449,-17.3389,32.0,69,75,3.98,broken clouds
376,Papayal,PE,-4.0761,-80.7361,83.97,61,67,7.2,broken clouds
377,Hope,US,33.6671,-93.5916,68.0,60,100,7.0,overcast clouds
378,Agadez,NE,19.75,10.25,86.5,9,0,8.12,clear sky
379,Tautira,PF,-17.7333,-149.15,77.0,83,20,2.3,few clouds
380,Billings,US,45.7833,-108.5007,44.01,56,75,8.05,broken clouds
381,Peniche,PT,39.3558,-9.3811,61.0,70,0,14.0,clear sky
382,Tshikapa,CD,-6.4167,20.8,79.57,73,15,5.75,light rain
383,Vagamo,NO,61.8751,9.0967,23.7,87,75,1.43,broken clouds
384,Iskateley,RU,67.6803,53.1512,22.01,96,100,4.34,light snow
385,Aykhal,RU,66.0,111.5,-21.24,91,80,12.46,broken clouds
386,Makat,KZ,47.6469,53.3463,22.75,51,100,10.49,overcast clouds
387,Mamlyutka,KZ,54.9375,68.5394,3.7,93,0,9.19,clear sky
388,Belmonte,BR,-15.8631,-38.8828,87.8,66,20,9.22,few clouds
389,Vestmannaeyjar,IS,63.4427,-20.2734,37.4,70,0,11.5,clear sky
390,Marica,BR,-22.9194,-42.8186,89.6,83,20,12.66,few clouds
391,Saint Anthony,US,45.0205,-93.218,44.6,36,1,10.36,clear sky
392,Bagdarin,RU,54.4333,113.6,5.7,63,100,14.16,overcast clouds
393,Ampanihy,MG,-24.7,44.75,74.35,72,0,14.72,clear sky
394,Tahe,CN,52.3333,124.7333,36.09,62,100,8.5,overcast clouds
395,Mayo,US,38.8876,-76.5119,60.01,30,1,12.66,clear sky
396,La Ronge,CA,55.1001,-105.2842,33.8,60,99,12.66,overcast clouds
397,Nyuksenitsa,RU,60.4128,44.2397,28.69,93,100,7.65,overcast clouds
398,Manica,FR,49.0,-1.1667,48.2,66,90,19.57,overcast clouds
399,Zambezi,ZM,-13.5432,23.1047,70.16,90,95,5.3,light rain
400,Chincha Alta,PE,-13.4099,-76.1323,78.01,73,0,8.05,clear sky
401,Santa Barbara,US,34.7333,-120.0343,52.0,81,90,3.51,overcast clouds
402,Aklavik,CA,68.2191,-135.0107,-20.2,76,1,5.75,clear sky
403,Lavrentiya,RU,65.5833,-171.0,16.29,96,98,3.36,snow
404,New Waterford,US,40.8451,-80.6145,48.99,31,20,8.01,few clouds
405,Alyangula,AU,-13.8483,136.4192,77.0,100,14,4.99,few clouds
406,Los Llanos De Aridane,ES,28.6585,-17.9182,68.0,68,75,6.91,broken clouds
407,Meulaboh,ID,4.1363,96.1285,77.47,86,100,4.81,moderate rain
408,Harbour Breton,CA,47.4833,-55.7983,27.23,79,100,12.48,light snow
409,Bontang,ID,0.1333,117.5,80.13,82,76,6.53,broken clouds
410,Vitim,RU,59.4511,112.5578,1.33,93,78,7.9,broken clouds
411,Norrtalje,SE,59.758,18.705,39.2,52,0,4.61,clear sky
412,Labrea,BR,-7.2586,-64.7981,76.48,92,100,5.61,overcast clouds
413,Ilovlya,RU,49.3033,43.9796,30.2,69,0,8.95,clear sky
414,La Palma,US,33.8464,-118.0467,59.0,77,75,3.44,broken clouds
415,Marsa Matruh,EG,31.3525,27.2453,60.8,72,75,9.22,broken clouds
416,Ca Mau,VN,9.1769,105.15,74.68,83,21,5.14,few clouds
417,Lake Cowichan,CA,48.825,-124.0546,43.0,100,90,3.38,light rain
418,Puerto Del Rosario,ES,28.5004,-13.8627,68.0,73,20,9.22,few clouds
419,Madimba,TZ,-10.4,40.3333,78.8,94,40,8.05,scattered clouds
420,Arlit,NE,18.7369,7.3853,91.0,8,0,8.72,clear sky
421,Romny,UA,50.751,33.4747,36.57,91,100,13.76,overcast clouds
422,Jiujiang,CN,29.7333,115.9833,62.24,83,0,4.05,light rain
423,Weinan,CN,34.5036,109.5089,55.0,93,49,2.24,mist
424,Lisbon,PT,38.7167,-9.1333,64.99,55,0,10.36,clear sky
425,Belyy Yar,RU,53.6039,91.3903,-5.8,84,75,6.71,mist
426,Mackay,AU,-21.15,149.2,73.4,88,75,1.14,broken clouds
427,Barreirinha,BR,-2.7933,-57.07,85.57,71,99,2.95,overcast clouds
428,Atar,MR,20.5169,-13.0499,91.94,10,32,7.99,scattered clouds
429,Deputatskiy,RU,69.3,139.9,-18.17,67,27,1.9,scattered clouds
430,Cururupu,BR,-1.8283,-44.8683,87.42,59,66,6.6,broken clouds
431,Canavieiras,BR,-15.675,-38.9472,87.8,66,20,9.22,few clouds
432,Ulaangom,MN,49.9811,92.0667,-3.23,83,97,4.14,overcast clouds
433,Quelimane,MZ,-17.8786,36.8883,82.4,78,20,3.44,few clouds
434,Broken Hill,AU,-31.95,141.4333,53.6,47,0,5.75,clear sky
435,Gossas,SN,14.4912,-16.0642,102.2,15,55,4.61,broken clouds
436,Havre-Saint-Pierre,CA,50.2334,-63.5986,12.2,37,1,11.5,clear sky
437,Vestmanna,FO,62.1564,-7.1664,41.0,87,75,6.91,broken clouds
438,Nouadhibou,MR,20.931,-17.0347,77.0,47,0,13.8,clear sky
439,Mancio Lima,BR,-7.6142,-72.8958,73.4,100,90,4.61,moderate rain
440,Lata,PT,40.1629,-8.3327,66.0,67,0,18.41,clear sky
441,Jemnice,CZ,49.019,15.5699,41.0,66,100,1.01,overcast clouds
442,Shikhazany,RU,55.5605,47.393,24.8,93,75,13.42,snow
443,Anjiang,CN,27.3194,110.1031,65.19,89,66,2.71,broken clouds
444,Paamiut,GL,61.994,-49.6678,30.99,96,100,9.84,light snow
445,Qasigiannguit,GL,68.8193,-51.1922,14.0,52,75,1.14,broken clouds
446,Azovo,RU,54.6997,73.0237,-0.4,71,9,4.47,smoke
447,Hokitika,NZ,-42.7167,170.9667,56.68,80,85,7.14,overcast clouds
448,Pierre,US,44.3683,-100.351,44.01,56,1,25.32,clear sky
449,Santa Cruz,BO,-17.8,-63.1667,73.4,88,90,5.75,heavy intensity rain
450,Alice Springs,AU,-23.7,133.8833,57.2,94,90,5.75,overcast clouds
451,Nago,JP,26.5881,127.9761,62.6,87,1,4.61,clear sky
452,Kaduqli,SD,11.0167,29.7167,91.78,14,81,3.53,broken clouds
453,Veraval,IN,20.9,70.3667,78.91,59,0,15.41,clear sky
454,Katherine,AU,-14.4667,132.2667,78.8,83,40,8.05,scattered clouds
455,Keti Bandar,PK,24.1447,67.4497,76.33,64,42,12.53,scattered clouds
456,Palasa,IN,18.7667,84.4167,72.93,84,0,3.76,clear sky
457,Timmins,CA,48.4669,-81.3331,8.6,56,75,11.5,snow
458,Outjo,NA,-20.1167,16.15,78.73,49,56,5.37,broken clouds
459,Hay River,CA,60.8156,-115.7999,5.0,78,100,13.8,overcast clouds
460,Bata,GQ,1.8639,9.7658,82.94,73,8,8.08,clear sky
461,Nyimba,ZM,-14.5566,30.8149,70.02,96,98,3.58,moderate rain
462,Olafsvik,IS,64.8945,-23.7142,34.99,73,46,8.99,scattered clouds
463,Cockburn Town,TC,21.4612,-71.1419,77.0,57,40,10.36,scattered clouds
464,Dubbo,AU,-32.25,148.6167,57.2,82,40,10.36,scattered clouds
465,Ouesso,CG,1.6136,16.0517,82.31,60,94,2.64,overcast clouds
466,Shimoda,JP,34.6667,138.95,51.12,61,0,12.01,clear sky
467,Shieli,KZ,44.1667,66.75,13.96,93,94,3.91,overcast clouds
468,Mugango,TZ,-1.6833,33.7,78.8,65,20,10.6,moderate rain
469,Verkhoyansk,RU,67.5447,133.385,-12.64,91,15,2.95,few clouds
470,Xiazhen,CN,34.8022,117.1117,55.6,81,100,11.43,overcast clouds
471,Samarai,PG,-10.6167,150.6667,80.87,79,61,6.93,light rain
472,Hofn,IS,64.2539,-15.2082,35.6,80,90,6.91,overcast clouds
473,Dolores,AR,-36.3132,-57.6792,87.33,21,54,7.92,broken clouds
474,New Ulm,US,44.3125,-94.4605,44.01,45,1,18.41,clear sky
475,Wajima,JP,37.4,136.9,47.77,67,77,9.4,broken clouds
476,Fukue,JP,32.6881,128.8419,55.04,55,0,3.29,clear sky
477,Okhotsk,RU,59.3833,143.3,0.36,82,87,10.2,overcast clouds
478,Takoradi,GH,4.8845,-1.7554,78.6,86,100,5.99,light rain
479,Stargard Szczecinski,PL,53.3367,15.0499,45.0,70,20,8.05,few clouds
480,Berdigestyakh,RU,62.0989,126.6992,7.74,96,100,3.98,overcast clouds
481,Santa Teresa,VE,10.2341,-66.6631,75.99,68,47,4.0,scattered clouds
482,Itarema,BR,-2.9248,-39.9167,85.96,62,34,12.53,scattered clouds
483,Nieuw Amsterdam,SR,5.8833,-55.0833,87.8,66,40,9.22,scattered clouds
484,Tezu,IN,27.9167,96.1667,70.65,49,0,4.23,clear sky
485,Finschhafen,PG,-6.6024,147.8681,80.35,80,84,9.71,broken clouds
486,Alofi,NU,-19.0595,-169.9187,69.8,94,18,2.3,few clouds
487,Coihaique,CL,-45.5752,-72.0662,60.8,51,0,5.75,clear sky
488,Wiang Sa,TH,8.6359,99.3666,79.0,73,22,2.15,few clouds
489,Nanortalik,GL,60.1432,-45.2371,34.61,77,82,7.09,broken clouds
490,Erzin,TR,36.9559,36.2,61.0,66,100,2.66,overcast clouds
491,Shenkursk,RU,62.1091,42.896,30.69,94,100,8.03,overcast clouds
492,Poronaysk,RU,49.2167,143.1167,23.65,80,0,2.37,clear sky
493,Devonport,AU,-41.1667,146.35,59.0,81,65,4.0,broken clouds
494,Dekar,BW,-21.5333,21.9333,77.59,46,93,5.06,overcast clouds
495,Carballo,ES,43.213,-8.691,55.99,83,9,3.0,clear sky
496,Aden,YE,12.7794,45.0367,77.94,82,1,18.5,clear sky
497,Poli,TZ,-3.3333,36.8,87.8,50,40,11.5,scattered clouds
498,Petatlan,MX,17.5167,-101.2667,82.4,74,1,7.36,clear sky
499,Kumluca,TR,36.3703,30.2869,57.31,85,100,4.47,overcast clouds
500,Roald,NO,62.5833,6.1333,43.0,65,0,9.22,clear sky
501,Manyana,BW,-23.4,21.7167,77.92,36,21,7.7,few clouds
502,Half Moon Bay,US,37.4636,-122.4286,53.01,71,75,8.05,broken clouds
503,Octeville,FR,49.6261,-1.6435,46.4,76,75,20.71,broken clouds
504,Lasa,IT,46.6166,10.7002,51.8,54,20,9.22,few clouds
505,Carutapera,BR,-1.195,-46.02,85.5,63,92,6.73,overcast clouds
506,Puerto Escondido,MX,15.85,-97.0667,84.2,74,1,3.44,clear sky
507,Komsomolskiy,UZ,40.4272,71.7189,33.8,75,90,4.61,overcast clouds
508,Omboue,GA,-1.5746,9.2618,80.98,81,100,7.63,overcast clouds
509,Bet Shemesh,IL,31.7496,34.9888,63.0,100,99,4.05,overcast clouds
510,Hambantota,LK,6.1241,81.1185,79.63,81,89,15.05,overcast clouds
511,Zelenoborsk,RU,61.4669,64.0333,16.77,92,78,8.34,broken clouds
512,Tanout,NE,14.9709,8.8879,94.53,9,0,5.35,clear sky
513,Medicine Hat,CA,50.0501,-110.6683,53.01,40,1,20.71,clear sky
514,North Bend,US,43.4065,-124.2243,50.0,93,90,16.11,mist
515,Taos,US,36.4072,-105.5731,30.2,69,90,26.46,snow
516,Noshiro,JP,40.2039,140.0242,42.03,80,100,8.5,overcast clouds
517,Cairns,AU,-16.9167,145.7667,75.2,88,85,1.14,overcast clouds
518,Vardo,NO,70.3705,31.1107,28.4,80,75,2.3,broken clouds
519,Moron,AR,-34.6534,-58.6198,89.01,25,2,3.0,clear sky
520,San Rafael,AR,-34.6177,-68.3301,82.74,37,22,10.25,few clouds
521,Nizhniy Lomov,RU,53.5304,43.6766,30.69,91,100,17.38,overcast clouds
522,Miri,MY,4.4148,114.0089,77.0,94,20,2.3,few clouds
523,Eyl,SO,7.9803,49.8164,77.36,83,64,19.19,broken clouds
524,Riyadh,SA,24.6877,46.7219,75.2,16,38,5.75,dust
525,Manta,EC,-0.95,-80.7333,82.4,74,40,4.61,light rain
526,Apt,FR,43.8833,5.4,55.4,33,0,16.11,clear sky
527,Sinfra,CI,6.6167,-5.9167,89.6,58,75,6.91,broken clouds
528,Ornskoldsvik,SE,63.2909,18.7153,32.0,100,90,4.61,overcast clouds
529,Sa Kaeo,TH,13.75,102.3333,80.13,73,17,9.24,few clouds
530,Vostok,RU,46.4856,135.8833,22.42,80,0,3.53,clear sky
531,Quepos,CR,9.4236,-84.1652,84.0,47,0,14.97,clear sky
532,Kidal,ML,18.4411,1.4078,90.91,10,11,6.93,few clouds
533,Cabedelo,BR,-6.9811,-34.8339,87.8,55,40,13.8,scattered clouds
534,Inzer,RU,54.2167,57.5556,12.15,85,78,4.54,broken clouds
535,Montepuez,MZ,-13.1256,38.9997,71.11,94,82,3.4,moderate rain
536,Ojinaga,MX,29.5667,-104.4167,57.2,19,1,12.66,clear sky
537,Labuhan,ID,-6.8844,112.2051,78.19,85,22,6.78,few clouds
538,Marzuq,YE,14.4,46.4667,64.89,60,0,5.82,clear sky
539,Zyryanovsk,KZ,49.7386,84.2719,6.49,80,100,0.76,overcast clouds
540,Yulara,AU,-25.2406,130.9889,66.2,55,90,8.05,overcast clouds
541,Huarmey,PE,-10.0681,-78.1522,77.94,68,43,9.15,scattered clouds
542,Quatre Cocos,MU,-20.2078,57.7625,77.0,100,75,9.89,light rain
543,Chiredzi,ZW,-21.05,31.6667,74.46,65,24,4.56,few clouds
544,Lochmaben,GB,55.1301,-3.4429,43.0,100,75,14.97,broken clouds
545,Yeppoon,AU,-23.1333,150.7333,75.2,83,75,5.75,broken clouds
546,Nanakuli,US,21.3906,-158.1547,69.8,78,1,4.61,light rain
547,Baie-Comeau,CA,49.2168,-68.1489,15.8,41,90,9.22,overcast clouds
548,Chardara,KZ,41.2547,67.9692,31.23,58,92,6.24,overcast clouds
549,Tagbac,PH,7.089,125.1567,78.8,100,90,6.91,overcast clouds
550,Caborca,MX,30.5838,-111.101,55.0,54,0,5.99,clear sky
551,Bac Lieu,VN,9.285,105.7244,76.87,79,4,11.14,clear sky
552,Strezhevoy,RU,60.7333,77.5889,12.2,62,0,11.18,clear sky
553,Kolokani,ML,13.5728,-8.0339,96.03,10,37,8.34,scattered clouds
554,La Asuncion,VE,11.0333,-63.8628,82.4,74,9,13.8,clear sky
555,Beira,MZ,-19.8436,34.8389,82.4,74,75,11.5,broken clouds
556,Kashan,IR,33.9831,51.4364,51.8,41,16,5.77,few clouds
557,Novyy Urengoy,RU,66.0833,76.6333,6.58,95,90,8.43,overcast clouds
558,Basco,PH,20.4487,121.9702,73.6,77,100,23.33,overcast clouds
559,Tahoua,NE,14.8888,5.2692,98.6,7,24,4.61,dust
560,Korsakovo,RU,53.2677,37.3569,34.66,96,100,15.28,overcast clouds
561,Guia Lopes Da Laguna,BR,-21.4578,-56.1142,95.0,39,20,2.64,few clouds
562,Goundam,ML,16.4145,-3.6708,91.96,12,41,9.33,scattered clouds
563,Acarau,BR,-2.8856,-40.12,84.63,68,44,12.26,scattered clouds
564,Kuzhithurai,IN,8.3167,77.1833,86.0,79,20,5.75,mist
565,Oranjemund,NA,-28.55,16.4333,64.99,88,73,14.63,broken clouds
566,Paragominas,BR,-2.9667,-47.4833,88.92,55,33,3.09,scattered clouds
567,Tocopilla,CL,-22.092,-70.1979,73.78,71,18,5.19,few clouds
568,Huesca,ES,42.1362,-0.4087,51.8,50,0,23.02,clear sky
569,Valdivia,CL,-39.8142,-73.2459,66.2,68,0,3.44,clear sky
570,Paka,MY,4.6374,103.4368,78.8,89,13,7.07,few clouds
571,Xichang,CN,27.8964,102.2634,55.42,68,51,1.74,broken clouds
572,Panguna,PG,-6.3164,155.4848,67.64,92,35,1.07,scattered clouds
573,Caledon,ZA,-34.23,19.4265,66.0,85,99,1.99,overcast clouds
574,Fenoarivo,MG,-18.933,47.4354,68.0,77,40,11.5,light rain
575,Sale,MA,34.0389,-6.8166,62.6,72,0,12.66,clear sky
576,Xuddur,SO,4.1213,43.8894,87.51,30,91,9.82,overcast clouds
577,Plavinas,LV,56.6178,25.7255,35.89,97,98,7.34,overcast clouds
578,Severnyy,RU,50.677,36.5532,39.2,75,75,8.95,broken clouds
579,Virginia Beach,US,36.8529,-75.978,61.0,25,40,13.8,scattered clouds
580,Kirovskiy,RU,45.0917,133.5136,27.61,83,4,4.59,clear sky
581,Mabaruma,GY,8.2,-59.7833,78.58,92,98,4.79,overcast clouds
582,Sokoni,TZ,-6.4333,39.55,84.2,65,20,11.5,few clouds
583,Castres,FR,43.5833,2.1667,54.0,54,40,23.02,scattered clouds
584,Tarakan,ID,3.3,117.6333,81.21,79,44,9.01,scattered clouds
585,Accrington,GB,53.7538,-2.3586,44.01,91,92,11.99,overcast clouds
586,Ambanja,MG,-13.6833,48.45,77.16,90,48,1.34,heavy intensity rain
587,Beidao,CN,34.5686,105.8933,53.04,56,52,3.36,broken clouds
588,Kudahuvadhoo,MV,2.6708,72.8944,81.54,76,100,12.35,overcast clouds
589,Tilichiki,RU,60.4667,166.1,-8.57,90,55,4.85,broken clouds
590,Mehamn,NO,71.0357,27.8492,24.8,86,75,2.3,light snow
591,Anadyr,RU,64.75,177.4833,8.6,92,75,15.66,light snow
592,Viedma,AR,-40.8135,-62.9967,78.39,38,3,11.36,clear sky
593,The Valley,AI,18.217,-63.0578,84.2,69,20,5.75,few clouds
594,Alekseyevsk,RU,57.8406,108.3492,2.07,95,75,5.86,broken clouds
595,Pontianak,ID,-0.0333,109.3333,77.0,86,100,2.33,moderate rain
596,Zaysan,KZ,47.4667,84.8667,10.9,95,100,1.16,light snow
597,Pangai,TO,-19.8,-174.35,79.43,71,64,4.9,broken clouds
598,Luwuk,ID,-0.9516,122.7875,78.04,86,60,1.74,broken clouds
599,Myrtle Beach,US,33.6891,-78.8867,68.0,73,90,5.75,overcast clouds
600,Dana Point,US,33.467,-117.6981,57.0,76,93,5.01,overcast clouds
601,Bahia Blanca,AR,-38.7196,-62.2724,82.22,33,0,12.55,clear sky
602,Oksfjord,NO,70.2396,22.3479,28.4,74,75,3.44,light snow
603,Dosso,NE,13.049,3.1937,97.84,10,86,8.43,overcast clouds
604,Abu Dhabi,AE,24.4667,54.3667,71.6,73,0,8.05,clear sky
605,Sinjai,ID,-5.1241,120.253,76.17,90,18,3.58,few clouds
606,Charters Towers,AU,-20.1,146.2667,71.58,90,2,8.21,clear sky
607,Hearst,CA,49.6835,-83.6665,6.8,51,100,9.22,overcast clouds
608,Gat,IL,31.61,34.7642,63.0,100,100,9.51,overcast clouds
609,Ust-Koksa,RU,50.2696,85.6108,13.77,75,100,0.4,overcast clouds
610,Namatanai,PG,-3.6667,152.4333,78.03,79,64,2.71,broken clouds
611,Banjar,ID,-8.19,114.9675,77.0,100,40,2.3,scattered clouds
612,Kyrylivka,UA,46.3759,35.3675,41.83,78,19,15.64,few clouds
613,Majene,ID,-3.5403,118.9707,79.18,80,80,2.33,broken clouds
614,Shahpur,IN,16.7,76.8333,76.26,14,0,9.82,clear sky
615,Harper,LR,4.375,-7.7169,81.63,81,94,9.46,light rain
616,Elmira,US,42.0898,-76.8077,42.8,49,75,20.71,broken clouds
617,Polyarnyy,RU,69.1989,33.4478,28.4,86,75,2.24,broken clouds
618,Ereymentau,KZ,51.6199,73.1033,-0.02,88,100,5.95,overcast clouds
619,La Romana,DO,18.4273,-68.9728,86.0,58,40,8.05,scattered clouds
620,Gubkinskiy,RU,64.434,76.5026,12.9,93,87,15.23,overcast clouds
621,Pasni,PK,25.2631,63.471,73.71,84,48,4.81,scattered clouds
622,San Pedro,PH,14.35,121.0167,79.0,78,40,3.44,scattered clouds
623,Wajir,KE,1.7471,40.0573,87.8,51,40,4.61,scattered clouds
624,Hit,IQ,33.6416,42.8251,63.52,34,5,5.19,clear sky
625,Mollendo,PE,-17.0231,-72.0147,75.88,74,27,9.4,scattered clouds
626,Susuman,RU,62.7833,148.1667,-21.98,99,69,1.63,broken clouds
627,Maryborough,AU,-25.5333,152.7,78.01,84,80,1.3,broken clouds
628,Khorramshahr,IR,30.4397,48.1664,69.8,37,0,2.3,clear sky
629,Manacapuru,BR,-3.2997,-60.6206,86.0,70,75,3.44,broken clouds
630,Itanagar,IN,27.1,93.6167,69.3,50,36,3.27,scattered clouds
631,Miramar,US,25.9873,-80.2323,80.6,57,75,11.5,broken clouds
632,Pontal Do Parana,BR,-25.6533,-48.5128,82.4,51,75,8.05,broken clouds
633,Ola,RU,59.5833,151.2833,2.23,93,91,4.74,overcast clouds
634,Chaoyang,CN,41.5703,120.4586,46.02,71,67,15.79,broken clouds
635,Mizdah,LY,31.4451,12.9801,63.09,49,58,12.91,broken clouds
636,Yemtsa,RU,63.0734,40.3329,30.85,94,100,6.87,overcast clouds
637,Kalanguy,RU,51.0167,116.5167,17.37,90,100,23.09,light snow
638,Mokrous,RU,51.2333,47.5167,19.63,76,97,13.71,overcast clouds
639,Nacala,MZ,-14.5428,40.6728,76.68,91,72,5.03,broken clouds
640,Santa Lucia,ES,27.9117,-15.5407,68.0,73,20,16.11,few clouds
641,Muskegon,US,43.3,-86.1334,46.4,27,40,10.36,scattered clouds
642,Sioux Lookout,CA,50.1001,-91.917,17.6,53,20,6.91,few clouds
643,Beruwala,LK,6.4788,79.9828,80.1,82,51,4.32,broken clouds
644,Harnosand,SE,62.6323,17.9379,33.8,93,90,4.61,overcast clouds
645,Nabire,ID,-3.3667,135.4833,74.97,90,41,4.7,scattered clouds
646,Manzhouli,CN,49.6,117.4333,21.29,79,93,29.48,overcast clouds
647,Grootfontein,NA,-19.5667,18.1167,73.65,52,54,5.64,broken clouds
648,Nador,MA,35.174,-2.9287,64.4,63,0,5.75,clear sky
649,Batagay-Alyta,RU,67.8006,130.4114,-8.28,79,89,1.16,overcast clouds
650,Vao,NC,-22.6667,167.4833,76.39,80,20,17.43,few clouds
651,Mount Gambier,AU,-37.8333,140.7667,51.8,87,90,8.05,overcast clouds
652,Sao Jose Da Coroa Grande,BR,-8.8978,-35.1478,83.77,55,100,8.97,overcast clouds
653,Shestakovo,RU,56.4915,103.96,0.59,96,97,4.61,overcast clouds
654,Chabahar,IR,25.2919,60.643,74.77,83,34,1.74,scattered clouds
655,Ostrovnoy,RU,68.0531,39.5131,22.78,94,98,8.84,overcast clouds
656,Bolobo,CD,-2.1667,16.2333,79.03,75,86,3.18,light rain
657,Iroquois Falls,CA,48.7669,-80.6831,8.6,56,75,11.5,snow
658,San Luis,AR,-33.295,-66.3356,79.14,45,68,4.61,broken clouds
659,Nizhnevartovsk,RU,60.9344,76.5531,12.2,62,0,11.18,light snow
660,Lagos,NG,6.5833,3.75,84.16,72,100,8.7,overcast clouds
661,Gornopravdinsk,RU,60.05,69.9,18.37,94,100,8.34,overcast clouds
662,Aviles,ES,43.5547,-5.9248,55.99,76,40,8.05,scattered clouds
663,Magadan,RU,59.5667,150.8,1.85,92,91,4.32,overcast clouds
664,Balikpapan,ID,-1.2675,116.8289,77.88,83,82,4.47,broken clouds
665,Ponte De Sor,PT,39.2496,-8.0101,69.01,43,7,5.01,clear sky
666,Banikoara,BJ,11.2985,2.4386,101.05,11,39,3.53,scattered clouds
667,Honiara,SB,-9.4333,159.95,76.57,85,100,2.44,overcast clouds
668,Presidencia Roque Saenz Pena,AR,-26.7852,-60.4388,95.0,27,91,1.99,overcast clouds
669,Yabrud,SY,33.9674,36.6574,64.4,32,40,9.22,scattered clouds
670,Traunstein,DE,47.8833,12.65,37.4,81,75,5.75,broken clouds
671,Gambo,CF,4.6482,22.2633,72.43,81,62,2.15,light rain
672,Monrovia,LR,6.3005,-10.7969,87.8,74,75,11.5,broken clouds
673,Nishihara,JP,26.1842,127.7558,62.6,72,20,4.61,few clouds
674,Aurillac,FR,44.9167,2.45,46.0,57,75,11.5,broken clouds
675,Vahan,AM,40.5755,45.3977,22.39,73,16,2.44,few clouds
676,Vesoul,FR,47.5833,5.8333,46.0,70,75,16.11,broken clouds
677,Slave Lake,CA,55.2834,-114.769,35.6,75,90,6.91,overcast clouds
678,Port-Gentil,GA,-0.7193,8.7815,82.56,76,97,9.73,overcast clouds
679,Umarkhed,IN,19.6,77.7,81.28,17,0,4.03,clear sky
680,Tommot,RU,58.9564,126.2925,15.82,94,100,8.37,light snow
681,Taldan,RU,53.6667,124.8,34.3,78,100,7.49,light snow
682,Nouakchott,MR,18.0858,-15.9785,95.0,8,0,4.61,dust
683,Taicheng,CN,38.731,113.228,43.41,83,57,1.05,broken clouds
684,Lyngseidet,NO,69.5763,20.2189,33.8,86,75,9.22,light rain and snow
685,Egvekinot,RU,66.3167,-179.1667,6.71,95,100,0.85,overcast clouds
686,Mirabad,AF,30.4362,61.8383,60.28,22,75,8.75,broken clouds
